,precision,recall,f1-score,support
high,1.0,1.0,1.0,10.0
low,1.0,0.8571428571428571,0.923076923076923,14.0
medium,0.8338793470293829,1.0,0.9403980380123,12.0
accuracy,0.9444444444444444,0.9444444444444444,0.9444444444444444,0.9444444444444444
macro avg,0.93829827199189872,0.949829387928792,0.93899288782739882,36.0
weighted avg,0.9038934787349837,0.920945980939993484,0.9399982810938909,36.0
