,precision,recall,f1-score,support
high,0.9090909090909091,1.0,0.9523809523809523,10.0
low,1.0,0.7857142857142857,0.88,14.0
medium,0.7857142857142857,0.9166666666666666,0.8461538461538461,12.0
accuracy,0.8888888888888888,0.8888888888888888,0.8888888888888888,0.8888888888888888
macro avg,0.8982683982683982,0.9007936507936507,0.8928449328449329,36.0
weighted avg,0.9033189033189033,0.8888888888888888,0.8888237688237689,36.0
