,precision,recall,f1-score,support
high,0.8666666666666667,0.9285714285714286,0.896551724137931,14.0
low,1.0,0.7894736842105263,0.8823529411764706,19.0
medium,0.7222222222222222,0.8666666666666667,0.7878787878787877,15.0
accuracy,0.8541666666666666,0.8541666666666666,0.8541666666666666,0.8541666666666666
macro avg,0.862962962962963,0.8615705931495405,0.8555944843977298,48.0
weighted avg,0.8743055555555556,0.8541666666666666,0.8569710799680373,48.0
