,precision,recall,f1-score,support
high,0.9090909090909091,1.0,0.9523809523809523,10.0
low,1.0,0.7142857142857143,0.8333333333333333,14.0
medium,0.7333333333333333,0.9166666666666666,0.8148148148148148,12.0
accuracy,0.8611111111111112,0.8611111111111112,0.8611111111111112,0.8611111111111112
macro avg,0.8808080808080808,0.876984126984127,0.8668430335097002,36.0
weighted avg,0.8858585858585859,0.8611111111111112,0.8602292768959435,36.0
